median_ms,mean_ms,p95_ms,fps,n_timed,model,path,params_M,peak_activation_MB
33.66812500007654,33.84775369189696,34.94884470001124,29.701683714128023,555,segformer_b2_teacher,segformer,27.347393,1778.694144
16.681193999829702,16.717990387363127,16.941875599513878,59.94774714628995,555,segformer_b0_direct,segformer,3.714401,1204.376576
16.639096999824687,16.7157834594413,17.0650387999558,60.09941525135265,555,segformer_b0_distilled,segformer,3.714401,1204.376576
8.180091000212997,8.212368778349791,8.35605930051315,122.24802877791477,555,yolo_sem_direct,yolo_native_raw_forward,1.630692,967.494144
8.217859999604116,8.284423688273163,8.51223080026102,121.68618107976695,555,yolo_sem_distilled,yolo_native_raw_forward,1.630692,967.494144
