run_id,model,seed,cut,n_images,mean_dice,median_dice,mean_iou,median_iou,mean_precision,mean_recall,complete_miss_count,complete_miss_rate
segformer_b2_teacher__seed0,segformer_b2_teacher,0,-0.7249999999999996,185,0.769239935340936,0.8191682870225178,0.6494822517322528,0.6937214490598109,0.8592070384163075,0.7281349717945771,0,0.0
segformer_b0_direct__seed0,segformer_b0_direct,0,-0.024999999999999467,185,0.7663177797978681,0.8129374249389159,0.6453889904937375,0.6848311470834496,0.8598762092582235,0.7269959042001162,1,0.005405405405405406
segformer_b0_distilled__seed0,segformer_b0_distilled,0,0.10000000000000053,185,0.7680109559522049,0.8166814266162145,0.6466263107594151,0.6901619267927609,0.8624599929086209,0.7231204483183811,0,0.0
segformer_b2_teacher__seed1,segformer_b2_teacher,1,-1.2749999999999995,185,0.7637742868782316,0.7983876477420236,0.6408917875358077,0.6644302933818512,0.8838649654841272,0.696763535306369,0,0.0
segformer_b0_direct__seed1,segformer_b0_direct,1,0.07500000000000018,185,0.7578988888193248,0.8189263548531576,0.6405318969460679,0.6933745056611951,0.8380268072950134,0.7280745615756626,1,0.005405405405405406
segformer_b0_distilled__seed1,segformer_b0_distilled,1,-0.5499999999999998,185,0.7648042831954412,0.8059640799728905,0.6454331588216037,0.6749914859802475,0.8467625903343596,0.7286846241784253,0,0.0
segformer_b2_teacher__seed2,segformer_b2_teacher,2,-0.09999999999999964,185,0.7621629971961071,0.816482582837723,0.6458164715642795,0.6898779612347452,0.86083935659451,0.7156126183424856,0,0.0
segformer_b0_direct__seed2,segformer_b0_direct,2,0.7250000000000005,185,0.7559235678399251,0.8021305530371714,0.6337045101430042,0.6696310312204352,0.8349834891172686,0.7212452163209092,1,0.005405405405405406
segformer_b0_distilled__seed2,segformer_b0_distilled,2,1.125,185,0.7588115830111608,0.8116905248807089,0.6397770001241221,0.683063243940915,0.8522058588281256,0.7164767637608247,1,0.005405405405405406
